Workbook

Sheet Payout Template
B1: January | C1: February | D1: March | E1: April | F1: May | G1: June | H1: July | I1: August | J1: September | K1: October | L1: November | M1: December | O1: Total
B2: 1 | C2: 2 | D2: 3 | E2: 4 | F2: 5 | G2: 6 | H2: 7 | I2: 8 | J2: 9 | K2: 10 | L2: 11 | M2: 12
A3: Monthly Payout | B3: =IF(B2<MONTH(Data!$B$2),Data!$C$6, IF(B2>MONTH(Data!$B$2),Data!$C$7,Data!$C$17)) -> 100 | C3: =IF(C2<MONTH(Data!$B$2),Data!$C$6, IF(C2>MONTH(Data!$B$2),Data!$C$7,Data!$C$17)) -> 100 | D3: =IF(D2<MONTH(Data!$B$2),Data!$C$6, IF(D2>MONTH(Data!$B$2),Data!$C$7,Data!$C$17)) -> 100 | E3: =IF(E2<MONTH(Data!$B$2),Data!$C$6, IF(E2>MONTH(Data!$B$2),Data!$C$7,Data!$C$17)) -> 100 | F3: =IF(F2<MONTH(Data!$B$2),Data!$C$6, IF(F2>MONTH(Data!$B$2),Data!$C$7,Data!$C$17)) -> 100 | G3: =IF(G2<MONTH(Data!$B$2),Data!$C$6, IF(G2>MONTH(Data!$B$2),Data!$C$7,Data!$C$17)) -> 107 | H3: =IF(H2<MONTH(Data!$B$2),Data!$C$6, IF(H2>MONTH(Data!$B$2),Data!$C$7,Data!$C$17)) -> 205 | I3: =IF(I2<MONTH(Data!$B$2),Data!$C$6, IF(I2>MONTH(Data!$B$2),Data!$C$7,Data!$C$17)) -> 205 | ... M3: =IF(M2<MONTH(Data!$B$2),Data!$C$6, IF(M2>MONTH(Data!$B$2),Data!$C$7,Data!$C$17)) -> 205 | O3: =SUM(B3:M3) -> 1837
A5: Start Date: | B5: 44741 | C5: <---save a copy and input your start date here | F5: Year | G5: Mo Inc/Yr | H5: Monthly Rate | I5: Annual Payout
A6: Payout on Dec 15: | B6: =O3 -> 1837 | F6: 0 | G6: 0 | H6: 0 | I6: =H6*12 -> 0
F7: 1 | G7: 100 | H7: 100 | I7: =H7*12 -> 1200
F8: =F7+1 -> 2 | G8: =G7+5 -> 105 | H8: =H7+G8 -> 205 | I8: =H8*12 -> 2460
B9: Guidelines | F9: =F8+1 -> 3 | G9: =G8+5 -> 110 | H9: =H8+G9 -> 315 | I9: =H9*12 -> 3780
B10: -Paid out on the last payroll before Christmas break | F10: =F9+1 -> 4 | G10: =G9+5 -> 115 | H10: =H9+G10 -> 430 | I10: =H10*12 -> 5160
B11: -Must be here at least a year to be eligible | F11: =F10+1 -> 5 | G11: =G10+5 -> 120 | H11: =H10+G11 -> 550 | I11: =H11*12 -> 6600
B12: -Anniversary date begins on your full-time employment date | F12: =F11+1 -> 6 | G12: =G11+5 -> 125 | H12: =H11+G12 -> 675 | I12: =H12*12 -> 8100
B13: -Interns, part-time, contractors are not eligible | F13: =F12+1 -> 7 | G13: =G12+5 -> 130 | H13: =H12+G13 -> 805 | I13: =H13*12 -> 9660
F14: =F13+1 -> 8 | G14: =G13+5 -> 135 | H14: =H13+G14 -> 940 | I14: =H14*12 -> 11280
F15: =F14+1 -> 9 | G15: =G14+5 -> 140 | H15: =H14+G15 -> 1080 | I15: =H15*12 -> 12960
F16: =F15+1 -> 10 | G16: =G15+5 -> 145 | H16: =H15+G16 -> 1225 | I16: =H16*12 -> 14700
F17: =F16+1 -> 11 | G17: =G16+5 -> 150 | H17: =H16+G17 -> 1375 | I17: =H17*12 -> 16500
F18: =F17+1 -> 12 | G18: =G17+5 -> 155 | H18: =H17+G18 -> 1530 | I18: =H18*12 -> 18360
F19: =F18+1 -> 13 | G19: =G18+5 -> 160 | H19: =H18+G19 -> 1690 | I19: =H19*12 -> 20280
F20: =F19+1 -> 14 | G20: =G19+5 -> 165 | H20: =H19+G20 -> 1855 | I20: =H20*12 -> 22260
F21: =F20+1 -> 15 | G21: =G20+5 -> 170 | H21: =H20+G21 -> 2025 | I21: =H21*12 -> 24300

Sheet Data
A2: Start Date | B2: ='Payout Template'!B5 -> 44741 | C2: <---Day you started | E2: Year | F2: Monthly Rate | G2: Mo Inc/Yr | H2: Annual Payout
A3: Anniversary Cutoff | B3: 45291 | C3: <---Current year end date | E3: 0 | F3: 0 | G3: 0 | H3: =F3*12 -> 0
E4: 1 | F4: 100 | G4: 100 | H4: =F4*12 -> 1200
B5: Year | C5: Monthly Rate | E5: =E4+1 -> 2 | F5: =F4+G5 -> 205 | G5: 105 | H5: =F5*12 -> 2460
A6: Anniversary Year Multiplier 1 | B6: =ROUNDDOWN((B3-B2)/365,0) -> 1 | C6: =VLOOKUP(B6,$E$2:$F$13,2,false) -> 100 | E6: =E5+1 -> 3 | F6: =F5+G6 -> 315 | G6: 110 | H6: =F6*12 -> 3780
A7: Anniversary Year Multiplier 2 | B7: =B6+1 -> 2 | C7: =VLOOKUP(B7,$E$2:$F$13,2,false) -> 205 | E7: =E6+1 -> 4 | F7: =F6+G7 -> 430 | G7: 115 | H7: =F7*12 -> 5160
E8: =E7+1 -> 5 | F8: =F7+G8 -> 550 | G8: 120 | H8: =F8*12 -> 6600
B9: Month | C9: Annualized Payout | E9: =E8+1 -> 6 | F9: =F8+G9 -> 675 | G9: 125 | H9: =F9*12 -> 8100
A10: Months for Year Multipler 1 | B10: =MONTH(B2)-1 -> 5 | C10: =C6*B10 -> 500 | E10: =E9+1 -> 7 | F10: =F9+G10 -> 805 | G10: 130 | H10: =F10*12 -> 9660
A11: Months for Year Multipler 2 | B11: =11-B10 -> 6 | C11: =C7*B11 -> 1230 | E11: =E10+1 -> 8 | F11: =F10+G11 -> 940 | G11: 135 | H11: =F11*12 -> 11280
B12: =SUM(B10:B11) -> 11 | C12: =SUM(C10:C11) -> 1730 | E12: =E11+1 -> 9 | F12: =F11+G12 -> 1080 | G12: 140 | H12: =F12*12 -> 12960
E13: =E12+1 -> 10 | F13: =F12+G13 -> 1225 | G13: 145 | H13: =F13*12 -> 14700
B14: Days | C14: Days Payout | E14: 11 | F14: =F13+G14 -> 1375 | G14: 150 | H14: =F14*12 -> 16500
A15: Days for Crossover Month 1 | B15: =DAY(B2)-1 -> 28 | C15: =C6/B17*B15 -> 93.333333 | E15: 12 | F15: =F14+G15 -> 1530 | G15: 155 | H15: =F15*12 -> 18360
A16: Days for Crossover Month 2 | B16: =day(EOMONTH(B2,0))-B15 -> 2 | C16: =C7/B17*B16 -> 13.666667 | E16: 13 | F16: =F15+G16 -> 1690 | G16: 160 | H16: =F16*12 -> 20280
A17: Total Days | B17: =SUM(B15:B16) -> 30 | C17: =SUM(C15:C16) -> 107 | E17: 14 | F17: =F16+G17 -> 1855 | G17: 165 | H17: =F17*12 -> 22260
E18: 15 | F18: =F17+G18 -> 2025 | G18: 170 | H18: =F18*12 -> 24300
A19: Total Payout | C19: =C17+C12 -> 1837 | D19: <----Payout to be December 15 check
